{
    "edition": {
        "null": 0.9966666666666667
    },
    "eyes": {
        "narrow": 0.37333333333333335,
        "big": 0.09333333333333334,
        "cross": 0.2833333333333333,
        "small": 0.21666666666666667,
        "wide": 0.016666666666666666
    },
    "hair": {
        "bald": 0.2733333333333333,
        "bowl": 0.37333333333333335,
        "long": 0.24333333333333335,
        "afro": 0.08333333333333333,
        "short": 0.01
    },
    "head": {
        "blue": 0.31333333333333335,
        "green": 0.33666666666666667,
        "black": 0.08666666666666667,
        "orange": 0.23,
        "red": 0.016666666666666666
    },
    "mouth": {
        "smile": 0.24,
        "frown": 0.25333333333333335,
        "flat": 0.11333333333333333,
        "open": 0.37333333333333335,
        "smirk": 0.0033333333333333335
    },
    "nose": {
        "flared": 0.2733333333333333,
        "crooked": 0.11333333333333333,
        "giant": 0.36666666666666664,
        "roman": 0.21,
        "thin": 0.02
    }
}